<?xml version="1.0" encoding="UTF-8"?>
<addon id="plugin.video.jlom" version="0.1.9" name="Just Lists Of Movies" provider-name="lbnt">
<requires>
  <import addon="xbmc.python" version="3.0.1"/>
  <import addon="script.module.requests"/>
  <import addon="script.module.requests-cache"/>
  <import addon="script.common.plugin.cache"/>
  <import addon="script.globalsearch"/>
</requires>
<extension point="xbmc.python.pluginsource" library="main.py">
  <provides>video</provides>
</extension>
<extension point="xbmc.addon.metadata">
  <summary lang="en_GB">Just Lists Of Movies</summary>
  <description lang="en_GB">A plugin to help you choose a good movie to watch using recommendation lists from trusted sources.</description>
  <disclaimer lang="en_GB">This program uses TMDB and the TMDB APIs but is not endorsed, certified, or otherwise approved by TMDB.</disclaimer>
  <license>GPL-3.0-only	</license>
  <assets>
    <icon>resources/images/icon.png</icon>
    <screenshot>resources/images/screenshot.jpg</screenshot>
  </assets>
  <news>0.1.9 Improve robustness in case of missing tmdb ids</news>
</extension>
</addon>
